sex,measure,length_height_cm,z_minus_3,z_minus_2,z_minus_1,z_0,z_plus_1,z_plus_2,z_plus_3
F,height,65.0,5.6,6.1,6.6,7.2402,6.6,6.1,5.6
F,height,65.5,5.7,6.2,6.7,7.3523,6.7,6.2,5.7
F,height,66.0,5.8,6.3,6.8,7.463,6.8,6.3,5.8
F,height,66.5,5.8,6.4,6.9,7.5724,6.9,6.4,5.8
F,height,67.0,5.9,6.4,7.0,7.6806,7.0,6.4,5.9
F,height,67.5,6.0,6.5,7.1,7.7874,7.1,6.5,6.0
F,height,68.0,6.1,6.6,7.2,7.893,7.2,6.6,6.1
F,height,68.5,6.2,6.7,7.3,7.9976,7.3,6.7,6.2
F,height,69.0,6.3,6.8,7.4,8.1012,7.4,6.8,6.3
F,height,69.5,6.3,6.9,7.5,8.2039,7.5,6.9,6.3
F,height,70.0,6.4,7.0,7.6,8.3058,7.6,7.0,6.4
F,height,70.5,6.5,7.1,7.7,8.4071,7.7,7.1,6.5
F,height,71.0,6.6,7.1,7.8,8.5078,7.8,7.1,6.6
F,height,71.5,6.7,7.2,7.9,8.6078,7.9,7.2,6.7
F,height,72.0,6.7,7.3,8.0,8.707,8.0,7.3,6.7
F,height,72.5,6.8,7.4,8.1,8.8053,8.1,7.4,6.8
F,height,73.0,6.9,7.5,8.1,8.9025,8.1,7.5,6.9
F,height,73.5,7.0,7.6,8.2,8.9983,8.2,7.6,7.0
F,height,74.0,7.0,7.6,8.3,9.0928,8.3,7.6,7.0
F,height,74.5,7.1,7.7,8.4,9.1862,8.4,7.7,7.1
F,height,75.0,7.2,7.8,8.5,9.2786,8.5,7.8,7.2
F,height,75.5,7.2,7.9,8.6,9.3703,8.6,7.9,7.2
F,height,76.0,7.3,8.0,8.7,9.4617,8.7,8.0,7.3
F,height,76.5,7.4,8.0,8.7,9.5533,8.7,8.0,7.4
F,height,77.0,7.5,8.1,8.8,9.6456,8.8,8.1,7.5
F,height,77.5,7.5,8.2,8.9,9.739,8.9,8.2,7.5
F,height,78.0,7.6,8.3,9.0,9.8338,9.0,8.3,7.6
F,height,78.5,7.7,8.4,9.1,9.9303,9.1,8.4,7.7
F,height,79.0,7.8,8.4,9.2,10.0289,9.2,8.4,7.8
F,height,79.5,7.8,8.5,9.3,10.1298,9.3,8.5,7.8
F,height,80.0,7.9,8.6,9.4,10.2332,9.4,8.6,7.9
F,height,80.5,8.0,8.7,9.5,10.3393,9.5,8.7,8.0
F,height,81.0,8.1,8.8,9.6,10.4477,9.6,8.8,8.1
F,height,81.5,8.2,8.9,9.7,10.5586,9.7,8.9,8.2
F,height,82.0,8.3,9.0,9.8,10.6719,9.8,9.0,8.3
F,height,82.5,8.4,9.1,9.9,10.7874,9.9,9.1,8.4
F,height,83.0,8.5,9.2,10.0,10.9051,10.0,9.2,8.5
F,height,83.5,8.5,9.3,10.1,11.0248,10.1,9.3,8.5
F,height,84.0,8.6,9.4,10.2,11.1462,10.2,9.4,8.6
F,height,84.5,8.7,9.5,10.3,11.2691,10.3,9.5,8.7
F,height,85.0,8.8,9.6,10.4,11.3934,10.4,9.6,8.8
F,height,85.5,8.9,9.7,10.6,11.5186,10.6,9.7,8.9
F,height,86.0,9.0,9.8,10.7,11.6444,10.7,9.8,9.0
F,height,86.5,9.1,9.9,10.8,11.7705,10.8,9.9,9.1
F,height,87.0,9.2,10.0,10.9,11.8965,10.9,10.0,9.2
F,height,87.5,9.3,10.1,11.0,12.0223,11.0,10.1,9.3
F,height,88.0,9.4,10.2,11.1,12.1478,11.1,10.2,9.4
F,height,88.5,9.5,10.3,11.2,12.2729,11.2,10.3,9.5
F,height,89.0,9.6,10.4,11.4,12.3976,11.4,10.4,9.6
F,height,89.5,9.7,10.5,11.5,12.522,11.5,10.5,9.7
F,height,90.0,9.8,10.6,11.6,12.6461,11.6,10.6,9.8
F,height,90.5,9.9,10.7,11.7,12.77,11.7,10.7,9.9
F,height,91.0,10.0,10.9,11.8,12.8939,11.8,10.9,10.0
F,height,91.5,10.1,11.0,11.9,13.0177,11.9,11.0,10.1
F,height,92.0,10.2,11.1,12.0,13.1415,12.0,11.1,10.2
F,height,92.5,10.3,11.2,12.1,13.2654,12.1,11.2,10.3
F,height,93.0,10.4,11.3,12.3,13.3896,12.3,11.3,10.4
F,height,93.5,10.5,11.4,12.4,13.5142,12.4,11.4,10.5
F,height,94.0,10.6,11.5,12.5,13.6393,12.5,11.5,10.6
F,height,94.5,10.7,11.6,12.6,13.765,12.6,11.6,10.7
F,height,95.0,10.8,11.7,12.7,13.8914,12.7,11.7,10.8
F,height,95.5,10.8,11.8,12.8,14.0186,12.8,11.8,10.8
F,height,96.0,10.9,11.9,12.9,14.1466,12.9,11.9,10.9
F,height,96.5,11.0,12.0,13.1,14.2757,13.1,12.0,11.0
F,height,97.0,11.1,12.1,13.2,14.4059,13.2,12.1,11.1
F,height,97.5,11.2,12.2,13.3,14.5376,13.3,12.2,11.2
F,height,98.0,11.3,12.3,13.4,14.671,13.4,12.3,11.3
F,height,98.5,11.4,12.4,13.5,14.8062,13.5,12.4,11.4
F,height,99.0,11.5,12.5,13.7,14.9434,13.7,12.5,11.5
F,height,99.5,11.6,12.7,13.8,15.0828,13.8,12.7,11.6
F,height,100.0,11.7,12.8,13.9,15.2246,13.9,12.8,11.7
F,height,100.5,11.9,12.9,14.1,15.3687,14.1,12.9,11.9
F,height,101.0,12.0,13.0,14.2,15.5154,14.2,13.0,12.0
F,height,101.5,12.1,13.1,14.3,15.6646,14.3,13.1,12.1
F,height,102.0,12.2,13.3,14.5,15.8164,14.5,13.3,12.2
F,height,102.5,12.3,13.4,14.6,15.9707,14.6,13.4,12.3
F,height,103.0,12.4,13.5,14.7,16.1276,14.7,13.5,12.4
F,height,103.5,12.5,13.6,14.9,16.287,14.9,13.6,12.5
F,height,104.0,12.6,13.8,15.0,16.4488,15.0,13.8,12.6
F,height,104.5,12.8,13.9,15.2,16.6131,15.2,13.9,12.8
F,height,105.0,12.9,14.0,15.3,16.78,15.3,14.0,12.9
F,height,105.5,13.0,14.2,15.5,16.9496,15.5,14.2,13.0
F,height,106.0,13.1,14.3,15.6,17.122,15.6,14.3,13.1
F,height,106.5,13.3,14.5,15.8,17.2973,15.8,14.5,13.3
F,height,107.0,13.4,14.6,15.9,17.4755,15.9,14.6,13.4
F,height,107.5,13.5,14.7,16.1,17.6567,16.1,14.7,13.5
F,height,108.0,13.7,14.9,16.3,17.8407,16.3,14.9,13.7
F,height,108.5,13.8,15.0,16.4,18.0277,16.4,15.0,13.8
F,height,109.0,13.9,15.2,16.6,18.2174,16.6,15.2,13.9
F,height,109.5,14.1,15.4,16.8,18.4096,16.8,15.4,14.1
F,height,110.0,14.2,15.5,17.0,18.6043,17.0,15.5,14.2
F,height,110.5,14.4,15.7,17.1,18.8015,17.1,15.7,14.4
F,height,111.0,14.5,15.8,17.3,19.0009,17.3,15.8,14.5
F,height,111.5,14.7,16.0,17.5,19.2024,17.5,16.0,14.7
F,height,112.0,14.8,16.2,17.7,19.406,17.7,16.2,14.8
F,height,112.5,15.0,16.3,17.9,19.6116,17.9,16.3,15.0
F,height,113.0,15.1,16.5,18.0,19.819,18.0,16.5,15.1
F,height,113.5,15.3,16.7,18.2,20.028,18.2,16.7,15.3
F,height,114.0,15.4,16.8,18.4,20.2385,18.4,16.8,15.4
F,height,114.5,15.6,17.0,18.6,20.4502,18.6,17.0,15.6
F,height,115.0,15.7,17.2,18.8,20.6629,18.8,17.2,15.7
F,height,115.5,15.9,17.3,19.0,20.8766,19.0,17.3,15.9
F,height,116.0,16.0,17.5,19.2,21.0909,19.2,17.5,16.0
F,height,116.5,16.2,17.7,19.4,21.3059,19.4,17.7,16.2
F,height,117.0,16.3,17.8,19.6,21.5213,19.6,17.8,16.3
F,height,117.5,16.5,18.0,19.8,21.737,19.8,18.0,16.5
F,height,118.0,16.6,18.2,19.9,21.9529,19.9,18.2,16.6
F,height,118.5,16.8,18.4,20.1,22.169,20.1,18.4,16.8
F,height,119.0,16.9,18.5,20.3,22.3851,20.3,18.5,16.9
F,height,119.5,17.1,18.7,20.5,22.6012,20.5,18.7,17.1
F,height,120.0,17.3,18.9,20.7,22.8173,20.7,18.9,17.3
F,length,45.0,1.9,2.1,2.3,2.4607,2.3,2.1,1.9
F,length,45.5,2.0,2.1,2.3,2.5457,2.3,2.1,2.0
F,length,46.0,2.0,2.2,2.4,2.6306,2.4,2.2,2.0
F,length,46.5,2.1,2.3,2.5,2.7155,2.5,2.3,2.1
F,length,47.0,2.2,2.4,2.6,2.8007,2.6,2.4,2.2
F,length,47.5,2.2,2.4,2.6,2.8867,2.6,2.4,2.2
F,length,48.0,2.3,2.5,2.7,2.9741,2.7,2.5,2.3
F,length,48.5,2.4,2.6,2.8,3.0636,2.8,2.6,2.4
F,length,49.0,2.4,2.6,2.9,3.156,2.9,2.6,2.4
F,length,49.5,2.5,2.7,3.0,3.252,3.0,2.7,2.5
F,length,50.0,2.6,2.8,3.1,3.3518,3.1,2.8,2.6
F,length,50.5,2.7,2.9,3.2,3.4557,3.2,2.9,2.7
F,length,51.0,2.8,3.0,3.3,3.5636,3.3,3.0,2.8
F,length,51.5,2.8,3.1,3.4,3.6754,3.4,3.1,2.8
F,length,52.0,2.9,3.2,3.5,3.7911,3.5,3.2,2.9
F,length,52.5,3.0,3.3,3.6,3.9105,3.6,3.3,3.0
F,length,53.0,3.1,3.4,3.7,4.0332,3.7,3.4,3.1
F,length,53.5,3.2,3.5,3.8,4.1591,3.8,3.5,3.2
F,length,54.0,3.3,3.6,3.9,4.2875,3.9,3.6,3.3
F,length,54.5,3.4,3.7,4.0,4.4179,4.0,3.7,3.4
F,length,55.0,3.5,3.8,4.2,4.5498,4.2,3.8,3.5
F,length,55.5,3.6,3.9,4.3,4.6827,4.3,3.9,3.6
F,length,56.0,3.7,4.0,4.4,4.8162,4.4,4.0,3.7
F,length,56.5,3.8,4.1,4.5,4.95,4.5,4.1,3.8
F,length,57.0,3.9,4.3,4.6,5.0837,4.6,4.3,3.9
F,length,57.5,4.0,4.4,4.8,5.2173,4.8,4.4,4.0
F,length,58.0,4.1,4.5,4.9,5.3507,4.9,4.5,4.1
F,length,58.5,4.2,4.6,5.0,5.4834,5.0,4.6,4.2
F,length,59.0,4.3,4.7,5.1,5.6151,5.1,4.7,4.3
F,length,59.5,4.4,4.8,5.3,5.7454,5.3,4.8,4.4
F,length,60.0,4.5,4.9,5.4,5.8742,5.4,4.9,4.5
F,length,60.5,4.6,5.0,5.5,6.0014,5.5,5.0,4.6
F,length,61.0,4.7,5.1,5.6,6.127,5.6,5.1,4.7
F,length,61.5,4.8,5.2,5.7,6.2511,5.7,5.2,4.8
F,length,62.0,4.9,5.3,5.8,6.3738,5.8,5.3,4.9
F,length,62.5,5.0,5.4,5.9,6.4948,5.9,5.4,5.0
F,length,63.0,5.1,5.5,6.0,6.6144,6.0,5.5,5.1
F,length,63.5,5.2,5.6,6.2,6.7328,6.2,5.6,5.2
F,length,64.0,5.3,5.7,6.3,6.8501,6.3,5.7,5.3
F,length,64.5,5.4,5.8,6.4,6.9662,6.4,5.8,5.4
F,length,65.0,5.5,5.9,6.5,7.0812,6.5,5.9,5.5
F,length,65.5,5.5,6.0,6.6,7.195,6.6,6.0,5.5
F,length,66.0,5.6,6.1,6.7,7.3076,6.7,6.1,5.6
F,length,66.5,5.7,6.2,6.8,7.4189,6.8,6.2,5.7
F,length,67.0,5.8,6.3,6.9,7.5288,6.9,6.3,5.8
F,length,67.5,5.9,6.4,7.0,7.6375,7.0,6.4,5.9
F,length,68.0,6.0,6.5,7.1,7.7448,7.1,6.5,6.0
F,length,68.5,6.1,6.6,7.2,7.8509,7.2,6.6,6.1
F,length,69.0,6.1,6.7,7.3,7.9559,7.3,6.7,6.1
F,length,69.5,6.2,6.8,7.4,8.0599,7.4,6.8,6.2
F,length,70.0,6.3,6.9,7.5,8.163,7.5,6.9,6.3
F,length,70.5,6.4,6.9,7.6,8.2651,7.6,6.9,6.4
F,length,71.0,6.5,7.0,7.7,8.3666,7.7,7.0,6.5
F,length,71.5,6.5,7.1,7.7,8.4676,7.7,7.1,6.5
F,length,72.0,6.6,7.2,7.8,8.5679,7.8,7.2,6.6
F,length,72.5,6.7,7.3,7.9,8.6674,7.9,7.3,6.7
F,length,73.0,6.8,7.4,8.0,8.7661,8.0,7.4,6.8
F,length,73.5,6.9,7.4,8.1,8.8638,8.1,7.4,6.9
F,length,74.0,6.9,7.5,8.2,8.9601,8.2,7.5,6.9
F,length,74.5,7.0,7.6,8.3,9.0552,8.3,7.6,7.0
F,length,75.0,7.1,7.7,8.4,9.149,8.4,7.7,7.1
F,length,75.5,7.1,7.8,8.5,9.2418,8.5,7.8,7.1
F,length,76.0,7.2,7.8,8.5,9.3337,8.5,7.8,7.2
F,length,76.5,7.3,7.9,8.6,9.4252,8.6,7.9,7.3
F,length,77.0,7.4,8.0,8.7,9.5166,8.7,8.0,7.4
F,length,77.5,7.4,8.1,8.8,9.6086,8.8,8.1,7.4
F,length,78.0,7.5,8.2,8.9,9.7015,8.9,8.2,7.5
F,length,78.5,7.6,8.2,9.0,9.7957,9.0,8.2,7.6
F,length,79.0,7.7,8.3,9.1,9.8915,9.1,8.3,7.7
F,length,79.5,7.7,8.4,9.1,9.9892,9.1,8.4,7.7
F,length,80.0,7.8,8.5,9.2,10.0891,9.2,8.5,7.8
F,length,80.5,7.9,8.6,9.3,10.1916,9.3,8.6,7.9
F,length,81.0,8.0,8.7,9.4,10.2965,9.4,8.7,8.0
F,length,81.5,8.1,8.8,9.5,10.4041,9.5,8.8,8.1
F,length,82.0,8.1,8.8,9.6,10.514,9.6,8.8,8.1
F,length,82.5,8.2,8.9,9.7,10.6263,9.7,8.9,8.2
F,length,83.0,8.3,9.0,9.8,10.741,9.8,9.0,8.3
F,length,83.5,8.4,9.1,9.9,10.8578,9.9,9.1,8.4
F,length,84.0,8.5,9.2,10.1,10.9767,10.1,9.2,8.5
F,length,84.5,8.6,9.3,10.2,11.0974,10.2,9.3,8.6
F,length,85.0,8.7,9.4,10.3,11.2198,10.3,9.4,8.7
F,length,85.5,8.8,9.5,10.4,11.3435,10.4,9.5,8.8
F,length,86.0,8.9,9.7,10.5,11.4684,10.5,9.7,8.9
F,length,86.5,9.0,9.8,10.6,11.594,10.6,9.8,9.0
F,length,87.0,9.1,9.9,10.7,11.7201,10.7,9.9,9.1
F,length,87.5,9.2,10.0,10.9,11.8461,10.9,10.0,9.2
F,length,88.0,9.3,10.1,11.0,11.972,11.0,10.1,9.3
F,length,88.5,9.4,10.2,11.1,12.0976,11.1,10.2,9.4
F,length,89.0,9.5,10.3,11.2,12.2229,11.2,10.3,9.5
F,length,89.5,9.6,10.4,11.3,12.3477,11.3,10.4,9.6
F,length,90.0,9.7,10.5,11.4,12.4723,11.4,10.5,9.7
F,length,90.5,9.8,10.6,11.5,12.5965,11.5,10.6,9.8
F,length,91.0,9.9,10.7,11.7,12.7205,11.7,10.7,9.9
F,length,91.5,10.0,10.8,11.8,12.8443,11.8,10.8,10.0
F,length,92.0,10.1,10.9,11.9,12.9681,11.9,10.9,10.1
F,length,92.5,10.1,11.0,12.0,13.092,12.0,11.0,10.1
F,length,93.0,10.2,11.1,12.1,13.2158,12.1,11.1,10.2
F,length,93.5,10.3,11.2,12.2,13.3399,12.2,11.2,10.3
F,length,94.0,10.4,11.3,12.3,13.4643,12.3,11.3,10.4
F,length,94.5,10.5,11.4,12.4,13.5892,12.4,11.4,10.5
F,length,95.0,10.6,11.5,12.6,13.7146,12.6,11.5,10.6
F,length,95.5,10.7,11.6,12.7,13.8408,12.7,11.6,10.7
F,length,96.0,10.8,11.7,12.8,13.9676,12.8,11.7,10.8
F,length,96.5,10.9,11.8,12.9,14.0953,12.9,11.8,10.9
F,length,97.0,11.0,12.0,13.0,14.2239,13.0,12.0,11.0
F,length,97.5,11.1,12.1,13.1,14.3537,13.1,12.1,11.1
F,length,98.0,11.2,12.2,13.3,14.4848,13.3,12.2,11.2
F,length,98.5,11.3,12.3,13.4,14.6174,13.4,12.3,11.3
F,length,99.0,11.4,12.4,13.5,14.7519,13.5,12.4,11.4
F,length,99.5,11.5,12.5,13.6,14.8882,13.6,12.5,11.5
F,length,100.0,11.6,12.6,13.7,15.0267,13.7,12.6,11.6
F,length,100.5,11.7,12.7,13.9,15.1676,13.9,12.7,11.7
F,length,101.0,11.8,12.8,14.0,15.3108,14.0,12.8,11.8
F,length,101.5,11.9,13.0,14.1,15.4564,14.1,13.0,11.9
F,length,102.0,12.0,13.1,14.3,15.6046,14.3,13.1,12.0
F,length,102.5,12.1,13.2,14.4,15.7553,14.4,13.2,12.1
F,length,103.0,12.3,13.3,14.5,15.9087,14.5,13.3,12.3
F,length,103.5,12.4,13.5,14.7,16.0645,14.7,13.5,12.4
F,length,104.0,12.5,13.6,14.8,16.2229,14.8,13.6,12.5
F,length,104.5,12.6,13.7,15.0,16.3837,15.0,13.7,12.6
F,length,105.0,12.7,13.8,15.1,16.547,15.1,13.8,12.7
F,length,105.5,12.8,14.0,15.3,16.7129,15.3,14.0,12.8
F,length,106.0,13.0,14.1,15.4,16.8814,15.4,14.1,13.0
F,length,106.5,13.1,14.3,15.6,17.0527,15.6,14.3,13.1
F,length,107.0,13.2,14.4,15.7,17.2269,15.7,14.4,13.2
F,length,107.5,13.3,14.5,15.9,17.4039,15.9,14.5,13.3
F,length,108.0,13.5,14.7,16.0,17.5839,16.0,14.7,13.5
F,length,108.5,13.6,14.8,16.2,17.7668,16.2,14.8,13.6
F,length,109.0,13.7,15.0,16.4,17.9526,16.4,15.0,13.7
F,length,109.5,13.9,15.1,16.5,18.1412,16.5,15.1,13.9
F,length,110.0,14.0,15.3,16.7,18.3324,16.7,15.3,14.0
M,height,65.0,5.9,6.3,6.9,7.4327,6.9,6.3,5.9
M,height,65.5,6.0,6.4,7.0,7.5504,7.0,6.4,6.0
M,height,66.0,6.1,6.5,7.1,7.6673,7.1,6.5,6.1
M,height,66.5,6.1,6.6,7.2,7.7834,7.2,6.6,6.1
M,height,67.0,6.2,6.7,7.3,7.8986,7.3,6.7,6.2
M,height,67.5,6.3,6.8,7.4,8.0132,7.4,6.8,6.3
M,height,68.0,6.4,6.9,7.5,8.1272,7.5,6.9,6.4
M,height,68.5,6.5,7.0,7.6,8.241,7.6,7.0,6.5
M,height,69.0,6.6,7.1,7.7,8.3547,7.7,7.1,6.6
M,height,69.5,6.7,7.2,7.8,8.468,7.8,7.2,6.7
M,height,70.0,6.8,7.3,7.9,8.5808,7.9,7.3,6.8
M,height,70.5,6.9,7.4,8.0,8.6927,8.0,7.4,6.9
M,height,71.0,6.9,7.5,8.1,8.8036,8.1,7.5,6.9
M,height,71.5,7.0,7.6,8.2,8.9135,8.2,7.6,7.0
M,height,72.0,7.1,7.7,8.3,9.0221,8.3,7.7,7.1
M,height,72.5,7.2,7.8,8.4,9.1292,8.4,7.8,7.2
M,height,73.0,7.3,7.9,8.5,9.2347,8.5,7.9,7.3
M,height,73.5,7.4,7.9,8.6,9.339,8.6,7.9,7.4
M,height,74.0,7.4,8.0,8.7,9.442,8.7,8.0,7.4
M,height,74.5,7.5,8.1,8.8,9.5438,8.8,8.1,7.5
M,height,75.0,7.6,8.2,8.9,9.644,8.9,8.2,7.6
M,height,75.5,7.7,8.3,9.0,9.7425,9.0,8.3,7.7
M,height,76.0,7.7,8.4,9.1,9.8392,9.1,8.4,7.7
M,height,76.5,7.8,8.5,9.2,9.9341,9.2,8.5,7.8
M,height,77.0,7.9,8.5,9.2,10.0274,9.2,8.5,7.9
M,height,77.5,8.0,8.6,9.3,10.1194,9.3,8.6,8.0
M,height,78.0,8.0,8.7,9.4,10.2105,9.4,8.7,8.0
M,height,78.5,8.1,8.8,9.5,10.3012,9.5,8.8,8.1
M,height,79.0,8.2,8.8,9.6,10.3923,9.6,8.8,8.2
M,height,79.5,8.3,8.9,9.7,10.4845,9.7,8.9,8.3
M,height,80.0,8.3,9.0,9.7,10.5781,9.7,9.0,8.3
M,height,80.5,8.4,9.1,9.8,10.6737,9.8,9.1,8.4
M,height,81.0,8.5,9.2,9.9,10.7718,9.9,9.2,8.5
M,height,81.5,8.6,9.3,10.0,10.8728,10.0,9.3,8.6
M,height,82.0,8.7,9.3,10.1,10.9772,10.1,9.3,8.7
M,height,82.5,8.7,9.4,10.2,11.0851,10.2,9.4,8.7
M,height,83.0,8.8,9.5,10.3,11.1966,10.3,9.5,8.8
M,height,83.5,8.9,9.6,10.4,11.3114,10.4,9.6,8.9
M,height,84.0,9.0,9.7,10.5,11.429,10.5,9.7,9.0
M,height,84.5,9.1,9.9,10.7,11.549,10.7,9.9,9.1
M,height,85.0,9.2,10.0,10.8,11.6707,10.8,10.0,9.2
M,height,85.5,9.3,10.1,10.9,11.7937,10.9,10.1,9.3
M,height,86.0,9.4,10.2,11.0,11.9173,11.0,10.2,9.4
M,height,86.5,9.5,10.3,11.1,12.0411,11.1,10.3,9.5
M,height,87.0,9.6,10.4,11.2,12.1645,11.2,10.4,9.6
M,height,87.5,9.7,10.5,11.3,12.2871,11.3,10.5,9.7
M,height,88.0,9.8,10.6,11.5,12.4089,11.5,10.6,9.8
M,height,88.5,9.9,10.7,11.6,12.5298,11.6,10.7,9.9
M,height,89.0,10.0,10.8,11.7,12.6495,11.7,10.8,10.0
M,height,89.5,10.1,10.9,11.8,12.7683,11.8,10.9,10.1
M,height,90.0,10.2,11.0,11.9,12.8864,11.9,11.0,10.2
M,height,90.5,10.3,11.1,12.0,13.0038,12.0,11.1,10.3
M,height,91.0,10.4,11.2,12.1,13.1209,12.1,11.2,10.4
M,height,91.5,10.5,11.3,12.2,13.2376,12.2,11.3,10.5
M,height,92.0,10.6,11.4,12.3,13.3541,12.3,11.4,10.6
M,height,92.5,10.7,11.5,12.4,13.4705,12.4,11.5,10.7
M,height,93.0,10.8,11.6,12.6,13.587,12.6,11.6,10.8
M,height,93.5,10.9,11.7,12.7,13.7041,12.7,11.7,10.9
M,height,94.0,11.0,11.8,12.8,13.8217,12.8,11.8,11.0
M,height,94.5,11.1,11.9,12.9,13.9403,12.9,11.9,11.1
M,height,95.0,11.1,12.0,13.0,14.06,13.0,12.0,11.1
M,height,95.5,11.2,12.1,13.1,14.1811,13.1,12.1,11.2
M,height,96.0,11.3,12.2,13.2,14.3037,13.2,12.2,11.3
M,height,96.5,11.4,12.3,13.3,14.4282,13.3,12.3,11.4
M,height,97.0,11.5,12.4,13.4,14.5547,13.4,12.4,11.5
M,height,97.5,11.6,12.5,13.6,14.6832,13.6,12.5,11.6
M,height,98.0,11.7,12.6,13.7,14.814,13.7,12.6,11.7
M,height,98.5,11.8,12.8,13.8,14.9468,13.8,12.8,11.8
M,height,99.0,11.9,12.9,13.9,15.0818,13.9,12.9,11.9
M,height,99.5,12.0,13.0,14.0,15.2187,14.0,13.0,12.0
M,height,100.0,12.1,13.1,14.2,15.3576,14.2,13.1,12.1
M,height,100.5,12.2,13.2,14.3,15.4985,14.3,13.2,12.2
M,height,101.0,12.3,13.3,14.4,15.6412,14.4,13.3,12.3
M,height,101.5,12.4,13.4,14.5,15.7857,14.5,13.4,12.4
M,height,102.0,12.5,13.6,14.7,15.932,14.7,13.6,12.5
M,height,102.5,12.6,13.7,14.8,16.0801,14.8,13.7,12.6
M,height,103.0,12.8,13.8,14.9,16.2298,14.9,13.8,12.8
M,height,103.5,12.9,13.9,15.1,16.3812,15.1,13.9,12.9
M,height,104.0,13.0,14.0,15.2,16.5342,15.2,14.0,13.0
M,height,104.5,13.1,14.2,15.4,16.6889,15.4,14.2,13.1
M,height,105.0,13.2,14.3,15.5,16.8454,15.5,14.3,13.2
M,height,105.5,13.3,14.4,15.6,17.0036,15.6,14.4,13.3
M,height,106.0,13.4,14.5,15.8,17.1637,15.8,14.5,13.4
M,height,106.5,13.5,14.7,15.9,17.3256,15.9,14.7,13.5
M,height,107.0,13.7,14.8,16.1,17.4894,16.1,14.8,13.7
M,height,107.5,13.8,14.9,16.2,17.655,16.2,14.9,13.8
M,height,108.0,13.9,15.1,16.4,17.8226,16.4,15.1,13.9
M,height,108.5,14.0,15.2,16.5,17.9924,16.5,15.2,14.0
M,height,109.0,14.1,15.3,16.7,18.1645,16.7,15.3,14.1
M,height,109.5,14.3,15.5,16.8,18.339,16.8,15.5,14.3
M,height,110.0,14.4,15.6,17.0,18.5158,17.0,15.6,14.4
M,height,110.5,14.5,15.8,17.1,18.6948,17.1,15.8,14.5
M,height,111.0,14.6,15.9,17.3,18.8759,17.3,15.9,14.6
M,height,111.5,14.8,16.0,17.5,19.059,17.5,16.0,14.8
M,height,112.0,14.9,16.2,17.6,19.2439,17.6,16.2,14.9
M,height,112.5,15.0,16.3,17.8,19.4304,17.8,16.3,15.0
M,height,113.0,15.2,16.5,18.0,19.6185,18.0,16.5,15.2
M,height,113.5,15.3,16.6,18.1,19.8081,18.1,16.6,15.3
M,height,114.0,15.4,16.8,18.3,19.999,18.3,16.8,15.4
M,height,114.5,15.6,16.9,18.5,20.1912,18.5,16.9,15.6
M,height,115.0,15.7,17.1,18.6,20.3846,18.6,17.1,15.7
M,height,115.5,15.8,17.2,18.8,20.5789,18.8,17.2,15.8
M,height,116.0,16.0,17.4,19.0,20.7741,19.0,17.4,16.0
M,height,116.5,16.1,17.5,19.2,20.97,19.2,17.5,16.1
M,height,117.0,16.2,17.7,19.3,21.1666,19.3,17.7,16.2
M,height,117.5,16.4,17.9,19.5,21.3636,19.5,17.9,16.4
M,height,118.0,16.5,18.0,19.7,21.5611,19.7,18.0,16.5
M,height,118.5,16.7,18.2,19.9,21.7588,19.9,18.2,16.7
M,height,119.0,16.8,18.3,20.0,21.9568,20.0,18.3,16.8
M,height,119.5,16.9,18.5,20.2,22.1549,20.2,18.5,16.9
M,height,120.0,17.1,18.6,20.4,22.353,20.4,18.6,17.1
M,length,45.0,1.9,2.0,2.2,2.441,2.2,2.0,1.9
M,length,45.5,1.9,2.1,2.3,2.5244,2.3,2.1,1.9
M,length,46.0,2.0,2.2,2.4,2.6077,2.4,2.2,2.0
M,length,46.5,2.1,2.3,2.5,2.6913,2.5,2.3,2.1
M,length,47.0,2.1,2.3,2.5,2.7755,2.5,2.3,2.1
M,length,47.5,2.2,2.4,2.6,2.8609,2.6,2.4,2.2
M,length,48.0,2.3,2.5,2.7,2.948,2.7,2.5,2.3
M,length,48.5,2.3,2.6,2.8,3.0377,2.8,2.6,2.3
M,length,49.0,2.4,2.6,2.9,3.1308,2.9,2.6,2.4
M,length,49.5,2.5,2.7,3.0,3.2276,3.0,2.7,2.5
M,length,50.0,2.6,2.8,3.0,3.3278,3.0,2.8,2.6
M,length,50.5,2.7,2.9,3.1,3.4311,3.1,2.9,2.7
M,length,51.0,2.7,3.0,3.2,3.5376,3.2,3.0,2.7
M,length,51.5,2.8,3.1,3.3,3.6477,3.3,3.1,2.8
M,length,52.0,2.9,3.2,3.5,3.762,3.5,3.2,2.9
M,length,52.5,3.0,3.3,3.6,3.8814,3.6,3.3,3.0
M,length,53.0,3.1,3.4,3.7,4.006,3.7,3.4,3.1
M,length,53.5,3.2,3.5,3.8,4.1354,3.8,3.5,3.2
M,length,54.0,3.3,3.6,3.9,4.2693,3.9,3.6,3.3
M,length,54.5,3.4,3.7,4.0,4.4066,4.0,3.7,3.4
M,length,55.0,3.6,3.8,4.2,4.5467,4.2,3.8,3.6
M,length,55.5,3.7,4.0,4.3,4.6892,4.3,4.0,3.7
M,length,56.0,3.8,4.1,4.4,4.8338,4.4,4.1,3.8
M,length,56.5,3.9,4.2,4.6,4.9796,4.6,4.2,3.9
M,length,57.0,4.0,4.3,4.7,5.1259,4.7,4.3,4.0
M,length,57.5,4.1,4.5,4.9,5.2721,4.9,4.5,4.1
M,length,58.0,4.3,4.6,5.0,5.418,5.0,4.6,4.3
M,length,58.5,4.4,4.7,5.1,5.5632,5.1,4.7,4.4
M,length,59.0,4.5,4.8,5.3,5.7074,5.3,4.8,4.5
M,length,59.5,4.6,5.0,5.4,5.8501,5.4,5.0,4.6
M,length,60.0,4.7,5.1,5.5,5.9907,5.5,5.1,4.7
M,length,60.5,4.8,5.2,5.6,6.1284,5.6,5.2,4.8
M,length,61.0,4.9,5.3,5.8,6.2632,5.8,5.3,4.9
M,length,61.5,5.0,5.4,5.9,6.3954,5.9,5.4,5.0
M,length,62.0,5.1,5.6,6.0,6.5251,6.0,5.6,5.1
M,length,62.5,5.2,5.7,6.1,6.6527,6.1,5.7,5.2
M,length,63.0,5.3,5.8,6.2,6.7786,6.2,5.8,5.3
M,length,63.5,5.4,5.9,6.4,6.9028,6.4,5.9,5.4
M,length,64.0,5.5,6.0,6.5,7.0255,6.5,6.0,5.5
M,length,64.5,5.6,6.1,6.6,7.1467,6.6,6.1,5.6
M,length,65.0,5.7,6.2,6.7,7.2666,6.7,6.2,5.7
M,length,65.5,5.8,6.3,6.8,7.3854,6.8,6.3,5.8
M,length,66.0,5.9,6.4,6.9,7.5034,6.9,6.4,5.9
M,length,66.5,6.0,6.5,7.0,7.6206,7.0,6.5,6.0
M,length,67.0,6.1,6.6,7.1,7.737,7.1,6.6,6.1
M,length,67.5,6.2,6.7,7.2,7.8526,7.2,6.7,6.2
M,length,68.0,6.3,6.8,7.3,7.9674,7.3,6.8,6.3
M,length,68.5,6.4,6.9,7.5,8.0816,7.5,6.9,6.4
M,length,69.0,6.5,7.0,7.6,8.1955,7.6,7.0,6.5
M,length,69.5,6.6,7.1,7.7,8.3092,7.7,7.1,6.6
M,length,70.0,6.6,7.2,7.8,8.4227,7.8,7.2,6.6
M,length,70.5,6.7,7.3,7.9,8.5358,7.9,7.3,6.7
M,length,71.0,6.8,7.4,8.0,8.648,8.0,7.4,6.8
M,length,71.5,6.9,7.5,8.1,8.7594,8.1,7.5,6.9
M,length,72.0,7.0,7.6,8.2,8.8697,8.2,7.6,7.0
M,length,72.5,7.1,7.6,8.3,8.9788,8.3,7.6,7.1
M,length,73.0,7.2,7.7,8.4,9.0865,8.4,7.7,7.2
M,length,73.5,7.2,7.8,8.5,9.1927,8.5,7.8,7.2
M,length,74.0,7.3,7.9,8.6,9.2974,8.6,7.9,7.3
M,length,74.5,7.4,8.0,8.7,9.401,8.7,8.0,7.4
M,length,75.0,7.5,8.1,8.8,9.5032,8.8,8.1,7.5
M,length,75.5,7.6,8.2,8.8,9.6041,8.8,8.2,7.6
M,length,76.0,7.6,8.3,8.9,9.7033,8.9,8.3,7.6
M,length,76.5,7.7,8.3,9.0,9.8007,9.0,8.3,7.7
M,length,77.0,7.8,8.4,9.1,9.8963,9.1,8.4,7.8
M,length,77.5,7.9,8.5,9.2,9.9902,9.2,8.5,7.9
M,length,78.0,7.9,8.6,9.3,10.0827,9.3,8.6,7.9
M,length,78.5,8.0,8.7,9.4,10.1741,9.4,8.7,8.0
M,length,79.0,8.1,8.7,9.5,10.2649,9.5,8.7,8.1
M,length,79.5,8.2,8.8,9.5,10.3558,9.5,8.8,8.2
M,length,80.0,8.2,8.9,9.6,10.4475,9.6,8.9,8.2
M,length,80.5,8.3,9.0,9.7,10.5405,9.7,9.0,8.3
M,length,81.0,8.4,9.1,9.8,10.6352,9.8,9.1,8.4
M,length,81.5,8.5,9.1,9.9,10.7322,9.9,9.1,8.5
M,length,82.0,8.5,9.2,10.0,10.8321,10.0,9.2,8.5
M,length,82.5,8.6,9.3,10.1,10.935,10.1,9.3,8.6
M,length,83.0,8.7,9.4,10.2,11.0415,10.2,9.4,8.7
M,length,83.5,8.8,9.5,10.3,11.1516,10.3,9.5,8.8
M,length,84.0,8.9,9.6,10.4,11.2651,10.4,9.6,8.9
M,length,84.5,9.0,9.7,10.5,11.3817,10.5,9.7,9.0
M,length,85.0,9.1,9.8,10.6,11.5007,10.6,9.8,9.1
M,length,85.5,9.2,9.9,10.7,11.6218,10.7,9.9,9.2
M,length,86.0,9.3,10.0,10.8,11.7444,10.8,10.0,9.3
M,length,86.5,9.4,10.1,11.0,11.8678,11.0,10.1,9.4
M,length,87.0,9.5,10.2,11.1,11.9916,11.1,10.2,9.5
M,length,87.5,9.6,10.4,11.2,12.1152,11.2,10.4,9.6
M,length,88.0,9.7,10.5,11.3,12.2382,11.3,10.5,9.7
M,length,88.5,9.8,10.6,11.4,12.3603,11.4,10.6,9.8
M,length,89.0,9.9,10.7,11.5,12.4815,11.5,10.7,9.9
M,length,89.5,10.0,10.8,11.6,12.6017,11.6,10.8,10.0
M,length,90.0,10.1,10.9,11.8,12.7209,11.8,10.9,10.1
M,length,90.5,10.2,11.0,11.9,12.8392,11.9,11.0,10.2
M,length,91.0,10.3,11.1,12.0,12.9569,12.0,11.1,10.3
M,length,91.5,10.4,11.2,12.1,13.0742,12.1,11.2,10.4
M,length,92.0,10.5,11.3,12.2,13.191,12.2,11.3,10.5
M,length,92.5,10.6,11.4,12.3,13.3075,12.3,11.4,10.6
M,length,93.0,10.7,11.5,12.4,13.4239,12.4,11.5,10.7
M,length,93.5,10.7,11.6,12.5,13.5404,12.5,11.6,10.7
M,length,94.0,10.8,11.7,12.6,13.6572,12.6,11.7,10.8
M,length,94.5,10.9,11.8,12.7,13.7746,12.7,11.8,10.9
M,length,95.0,11.0,11.9,12.8,13.8928,12.8,11.9,11.0
M,length,95.5,11.1,12.0,12.9,14.012,12.9,12.0,11.1
M,length,96.0,11.2,12.1,13.1,14.1325,13.1,12.1,11.2
M,length,96.5,11.3,12.2,13.2,14.2544,13.2,12.2,11.3
M,length,97.0,11.4,12.3,13.3,14.3782,13.3,12.3,11.4
M,length,97.5,11.5,12.4,13.4,14.5038,13.4,12.4,11.5
M,length,98.0,11.6,12.5,13.5,14.6316,13.5,12.5,11.6
M,length,98.5,11.7,12.6,13.6,14.7614,13.6,12.6,11.7
M,length,99.0,11.8,12.7,13.7,14.8934,13.7,12.7,11.8
M,length,99.5,11.9,12.8,13.9,15.0275,13.9,12.8,11.9
M,length,100.0,12.0,12.9,14.0,15.1637,14.0,12.9,12.0
M,length,100.5,12.1,13.0,14.1,15.3018,14.1,13.0,12.1
M,length,101.0,12.2,13.2,14.2,15.4419,14.2,13.2,12.2
M,length,101.5,12.3,13.3,14.4,15.5838,14.4,13.3,12.3
M,length,102.0,12.4,13.4,14.5,15.7276,14.5,13.4,12.4
M,length,102.5,12.5,13.5,14.6,15.8732,14.6,13.5,12.5
M,length,103.0,12.6,13.6,14.8,16.0206,14.8,13.6,12.6
M,length,103.5,12.7,13.7,14.9,16.1697,14.9,13.7,12.7
M,length,104.0,12.8,13.9,15.0,16.3204,15.0,13.9,12.8
M,length,104.5,12.9,14.0,15.2,16.4728,15.2,14.0,12.9
M,length,105.0,13.0,14.1,15.3,16.6268,15.3,14.1,13.0
M,length,105.5,13.2,14.2,15.4,16.7826,15.4,14.2,13.2
M,length,106.0,13.3,14.4,15.6,16.9401,15.6,14.4,13.3
M,length,106.5,13.4,14.5,15.7,17.0995,15.7,14.5,13.4
M,length,107.0,13.5,14.6,15.9,17.2607,15.9,14.6,13.5
M,length,107.5,13.6,14.7,16.0,17.4237,16.0,14.7,13.6
M,length,108.0,13.7,14.9,16.2,17.5885,16.2,14.9,13.7
M,length,108.5,13.8,15.0,16.3,17.7553,16.3,15.0,13.8
M,length,109.0,14.0,15.1,16.5,17.9242,16.5,15.1,14.0
M,length,109.5,14.1,15.3,16.6,18.0954,16.6,15.3,14.1
M,length,110.0,14.2,15.4,16.8,18.2689,16.8,15.4,14.2
